email,username,password,is_deleted
user1@test.com,KimMinsoo,$2a$10$7EqJtq98hPqEX7fNZaFWoOhi5Zp8oG9yZtM6xUu6YvJzN6zG6nX2K,0
user2@test.com,LeeSeoyeon,$2a$10$7EqJtq98hPqEX7fNZaFWoOhi5Zp8oG9yZtM6xUu6YvJzN6zG6nX2K,0
user3@test.com,ParkJihoon,$2a$10$7EqJtq98hPqEX7fNZaFWoOhi5Zp8oG9yZtM6xUu6YvJzN6zG6nX2K,0
user4@test.com,ChoiHyunwoo,$2a$10$7EqJtq98hPqEX7fNZaFWoOhi5Zp8oG9yZtM6xUu6YvJzN6zG6nX2K,0
user5@test.com,JungSujin,$2a$10$7EqJtq98hPqEX7fNZaFWoOhi5Zp8oG9yZtM6xUu6YvJzN6zG6nX2K,0
user6@test.com,KangDoyoon,$2a$10$7EqJtq98hPqEX7fNZaFWoOhi5Zp8oG9yZtM6xUu6YvJzN6zG6nX2K,0
user7@test.com,YoonYerin,$2a$10$7EqJtq98hPqEX7fNZaFWoOhi5Zp8oG9yZtM6xUu6YvJzN6zG6nX2K,0
user8@test.com,LimHajun,$2a$10$7EqJtq98hPqEX7fNZaFWoOhi5Zp8oG9yZtM6xUu6YvJzN6zG6nX2K,0
user9@test.com,OhJiwoo,$2a$10$7EqJtq98hPqEX7fNZaFWoOhi5Zp8oG9yZtM6xUu6YvJzN6zG6nX2K,0
user10@test.com,HanSeojun,$2a$10$7EqJtq98hPqEX7fNZaFWoOhi5Zp8oG9yZtM6xUu6YvJzN6zG6nX2K,0
user11@test.com,ShinMinjae,$2a$10$7EqJtq98hPqEX7fNZaFWoOhi5Zp8oG9yZtM6xUu6YvJzN6zG6nX2K,0
user12@test.com,ChoEunbyul,$2a$10$7EqJtq98hPqEX7fNZaFWoOhi5Zp8oG9yZtM6xUu6YvJzN6zG6nX2K,0
user13@test.com,BaeSiyoon,$2a$10$7EqJtq98hPqEX7fNZaFWoOhi5Zp8oG9yZtM6xUu6YvJzN6zG6nX2K,0
user14@test.com,RyuTaeyang,$2a$10$7EqJtq98hPqEX7fNZaFWoOhi5Zp8oG9yZtM6xUu6YvJzN6zG6nX2K,0
user15@test.com,ChaYujin,$2a$10$7EqJtq98hPqEX7fNZaFWoOhi5Zp8oG9yZtM6xUu6YvJzN6zG6nX2K,0
user16@test.com,NohDaeun,$2a$10$7EqJtq98hPqEX7fNZaFWoOhi5Zp8oG9yZtM6xUu6YvJzN6zG6nX2K,0
user17@test.com,MoonJaemin,$2a$10$7EqJtq98hPqEX7fNZaFWoOhi5Zp8oG9yZtM6xUu6YvJzN6zG6nX2K,0
user18@test.com,BaekSoyul,$2a$10$7EqJtq98hPqEX7fNZaFWoOhi5Zp8oG9yZtM6xUu6YvJzN6zG6nX2K,0
user19@test.com,SeoWoojin,$2a$10$7EqJtq98hPqEX7fNZaFWoOhi5Zp8oG9yZtM6xUu6YvJzN6zG6nX2K,0
user20@test.com,HongChaewon,$2a$10$7EqJtq98hPqEX7fNZaFWoOhi5Zp8oG9yZtM6xUu6YvJzN6zG6nX2K,0
user21@test.com,KimMinsoo,$2a$10$7EqJtq98hPqEX7fNZaFWoOhi5Zp8oG9yZtM6xUu6YvJzN6zG6nX2K,0
user22@test.com,LeeSeoyeon,$2a$10$7EqJtq98hPqEX7fNZaFWoOhi5Zp8oG9yZtM6xUu6YvJzN6zG6nX2K,0
user23@test.com,ParkJihoon,$2a$10$7EqJtq98hPqEX7fNZaFWoOhi5Zp8oG9yZtM6xUu6YvJzN6zG6nX2K,0
user24@test.com,ChoiHyunwoo,$2a$10$7EqJtq98hPqEX7fNZaFWoOhi5Zp8oG9yZtM6xUu6YvJzN6zG6nX2K,0
user25@test.com,JungSujin,$2a$10$7EqJtq98hPqEX7fNZaFWoOhi5Zp8oG9yZtM6xUu6YvJzN6zG6nX2K,0
user26@test.com,KangDoyoon,$2a$10$7EqJtq98hPqEX7fNZaFWoOhi5Zp8oG9yZtM6xUu6YvJzN6zG6nX2K,0
user27@test.com,YoonYerin,$2a$10$7EqJtq98hPqEX7fNZaFWoOhi5Zp8oG9yZtM6xUu6YvJzN6zG6nX2K,0
user28@test.com,LimHajun,$2a$10$7EqJtq98hPqEX7fNZaFWoOhi5Zp8oG9yZtM6xUu6YvJzN6zG6nX2K,0
user29@test.com,OhJiwoo,$2a$10$7EqJtq98hPqEX7fNZaFWoOhi5Zp8oG9yZtM6xUu6YvJzN6zG6nX2K,0
user30@test.com,HanSeojun,$2a$10$7EqJtq98hPqEX7fNZaFWoOhi5Zp8oG9yZtM6xUu6YvJzN6zG6nX2K,0
user31@test.com,ShinMinjae,$2a$10$7EqJtq98hPqEX7fNZaFWoOhi5Zp8oG9yZtM6xUu6YvJzN6zG6nX2K,0
user32@test.com,ChoEunbyul,$2a$10$7EqJtq98hPqEX7fNZaFWoOhi5Zp8oG9yZtM6xUu6YvJzN6zG6nX2K,0
user33@test.com,BaeSiyoon,$2a$10$7EqJtq98hPqEX7fNZaFWoOhi5Zp8oG9yZtM6xUu6YvJzN6zG6nX2K,0
user34@test.com,RyuTaeyang,$2a$10$7EqJtq98hPqEX7fNZaFWoOhi5Zp8oG9yZtM6xUu6YvJzN6zG6nX2K,0
user35@test.com,ChaYujin,$2a$10$7EqJtq98hPqEX7fNZaFWoOhi5Zp8oG9yZtM6xUu6YvJzN6zG6nX2K,0
user36@test.com,NohDaeun,$2a$10$7EqJtq98hPqEX7fNZaFWoOhi5Zp8oG9yZtM6xUu6YvJzN6zG6nX2K,0
user37@test.com,MoonJaemin,$2a$10$7EqJtq98hPqEX7fNZaFWoOhi5Zp8oG9yZtM6xUu6YvJzN6zG6nX2K,0
user38@test.com,BaekSoyul,$2a$10$7EqJtq98hPqEX7fNZaFWoOhi5Zp8oG9yZtM6xUu6YvJzN6zG6nX2K,0
user39@test.com,SeoWoojin,$2a$10$7EqJtq98hPqEX7fNZaFWoOhi5Zp8oG9yZtM6xUu6YvJzN6zG6nX2K,0
user40@test.com,HongChaewon,$2a$10$7EqJtq98hPqEX7fNZaFWoOhi5Zp8oG9yZtM6xUu6YvJzN6zG6nX2K,0
user41@test.com,KimMinsoo,$2a$10$7EqJtq98hPqEX7fNZaFWoOhi5Zp8oG9yZtM6xUu6YvJzN6zG6nX2K,0
user42@test.com,LeeSeoyeon,$2a$10$7EqJtq98hPqEX7fNZaFWoOhi5Zp8oG9yZtM6xUu6YvJzN6zG6nX2K,0
user43@test.com,ParkJihoon,$2a$10$7EqJtq98hPqEX7fNZaFWoOhi5Zp8oG9yZtM6xUu6YvJzN6zG6nX2K,0
user44@test.com,ChoiHyunwoo,$2a$10$7EqJtq98hPqEX7fNZaFWoOhi5Zp8oG9yZtM6xUu6YvJzN6zG6nX2K,0
user45@test.com,JungSujin,$2a$10$7EqJtq98hPqEX7fNZaFWoOhi5Zp8oG9yZtM6xUu6YvJzN6zG6nX2K,0
user46@test.com,KangDoyoon,$2a$10$7EqJtq98hPqEX7fNZaFWoOhi5Zp8oG9yZtM6xUu6YvJzN6zG6nX2K,0
user47@test.com,YoonYerin,$2a$10$7EqJtq98hPqEX7fNZaFWoOhi5Zp8oG9yZtM6xUu6YvJzN6zG6nX2K,0
user48@test.com,LimHajun,$2a$10$7EqJtq98hPqEX7fNZaFWoOhi5Zp8oG9yZtM6xUu6YvJzN6zG6nX2K,0
user49@test.com,OhJiwoo,$2a$10$7EqJtq98hPqEX7fNZaFWoOhi5Zp8oG9yZtM6xUu6YvJzN6zG6nX2K,0
user50@test.com,HanSeojun,$2a$10$7EqJtq98hPqEX7fNZaFWoOhi5Zp8oG9yZtM6xUu6YvJzN6zG6nX2K,0
user51@test.com,ShinMinjae,$2a$10$7EqJtq98hPqEX7fNZaFWoOhi5Zp8oG9yZtM6xUu6YvJzN6zG6nX2K,0
user52@test.com,ChoEunbyul,$2a$10$7EqJtq98hPqEX7fNZaFWoOhi5Zp8oG9yZtM6xUu6YvJzN6zG6nX2K,0
user53@test.com,BaeSiyoon,$2a$10$7EqJtq98hPqEX7fNZaFWoOhi5Zp8oG9yZtM6xUu6YvJzN6zG6nX2K,0
user54@test.com,RyuTaeyang,$2a$10$7EqJtq98hPqEX7fNZaFWoOhi5Zp8oG9yZtM6xUu6YvJzN6zG6nX2K,0
user55@test.com,ChaYujin,$2a$10$7EqJtq98hPqEX7fNZaFWoOhi5Zp8oG9yZtM6xUu6YvJzN6zG6nX2K,0
user56@test.com,NohDaeun,$2a$10$7EqJtq98hPqEX7fNZaFWoOhi5Zp8oG9yZtM6xUu6YvJzN6zG6nX2K,0
user57@test.com,MoonJaemin,$2a$10$7EqJtq98hPqEX7fNZaFWoOhi5Zp8oG9yZtM6xUu6YvJzN6zG6nX2K,0
user58@test.com,BaekSoyul,$2a$10$7EqJtq98hPqEX7fNZaFWoOhi5Zp8oG9yZtM6xUu6YvJzN6zG6nX2K,0
user59@test.com,SeoWoojin,$2a$10$7EqJtq98hPqEX7fNZaFWoOhi5Zp8oG9yZtM6xUu6YvJzN6zG6nX2K,0
user60@test.com,HongChaewon,$2a$10$7EqJtq98hPqEX7fNZaFWoOhi5Zp8oG9yZtM6xUu6YvJzN6zG6nX2K,0
user61@test.com,KimMinsoo,$2a$10$7EqJtq98hPqEX7fNZaFWoOhi5Zp8oG9yZtM6xUu6YvJzN6zG6nX2K,0
user62@test.com,LeeSeoyeon,$2a$10$7EqJtq98hPqEX7fNZaFWoOhi5Zp8oG9yZtM6xUu6YvJzN6zG6nX2K,0
user63@test.com,ParkJihoon,$2a$10$7EqJtq98hPqEX7fNZaFWoOhi5Zp8oG9yZtM6xUu6YvJzN6zG6nX2K,0
user64@test.com,ChoiHyunwoo,$2a$10$7EqJtq98hPqEX7fNZaFWoOhi5Zp8oG9yZtM6xUu6YvJzN6zG6nX2K,0
user65@test.com,JungSujin,$2a$10$7EqJtq98hPqEX7fNZaFWoOhi5Zp8oG9yZtM6xUu6YvJzN6zG6nX2K,0
user66@test.com,KangDoyoon,$2a$10$7EqJtq98hPqEX7fNZaFWoOhi5Zp8oG9yZtM6xUu6YvJzN6zG6nX2K,0
user67@test.com,YoonYerin,$2a$10$7EqJtq98hPqEX7fNZaFWoOhi5Zp8oG9yZtM6xUu6YvJzN6zG6nX2K,0
user68@test.com,LimHajun,$2a$10$7EqJtq98hPqEX7fNZaFWoOhi5Zp8oG9yZtM6xUu6YvJzN6zG6nX2K,0
user69@test.com,OhJiwoo,$2a$10$7EqJtq98hPqEX7fNZaFWoOhi5Zp8oG9yZtM6xUu6YvJzN6zG6nX2K,0
user70@test.com,HanSeojun,$2a$10$7EqJtq98hPqEX7fNZaFWoOhi5Zp8oG9yZtM6xUu6YvJzN6zG6nX2K,0
user71@test.com,ShinMinjae,$2a$10$7EqJtq98hPqEX7fNZaFWoOhi5Zp8oG9yZtM6xUu6YvJzN6zG6nX2K,0
user72@test.com,ChoEunbyul,$2a$10$7EqJtq98hPqEX7fNZaFWoOhi5Zp8oG9yZtM6xUu6YvJzN6zG6nX2K,0
user73@test.com,BaeSiyoon,$2a$10$7EqJtq98hPqEX7fNZaFWoOhi5Zp8oG9yZtM6xUu6YvJzN6zG6nX2K,0
user74@test.com,RyuTaeyang,$2a$10$7EqJtq98hPqEX7fNZaFWoOhi5Zp8oG9yZtM6xUu6YvJzN6zG6nX2K,0
user75@test.com,ChaYujin,$2a$10$7EqJtq98hPqEX7fNZaFWoOhi5Zp8oG9yZtM6xUu6YvJzN6zG6nX2K,0
user76@test.com,NohDaeun,$2a$10$7EqJtq98hPqEX7fNZaFWoOhi5Zp8oG9yZtM6xUu6YvJzN6zG6nX2K,0
user77@test.com,MoonJaemin,$2a$10$7EqJtq98hPqEX7fNZaFWoOhi5Zp8oG9yZtM6xUu6YvJzN6zG6nX2K,0
user78@test.com,BaekSoyul,$2a$10$7EqJtq98hPqEX7fNZaFWoOhi5Zp8oG9yZtM6xUu6YvJzN6zG6nX2K,0
user79@test.com,SeoWoojin,$2a$10$7EqJtq98hPqEX7fNZaFWoOhi5Zp8oG9yZtM6xUu6YvJzN6zG6nX2K,0
user80@test.com,HongChaewon,$2a$10$7EqJtq98hPqEX7fNZaFWoOhi5Zp8oG9yZtM6xUu6YvJzN6zG6nX2K,0
user81@test.com,KimMinsoo,$2a$10$7EqJtq98hPqEX7fNZaFWoOhi5Zp8oG9yZtM6xUu6YvJzN6zG6nX2K,0
user82@test.com,LeeSeoyeon,$2a$10$7EqJtq98hPqEX7fNZaFWoOhi5Zp8oG9yZtM6xUu6YvJzN6zG6nX2K,0
user83@test.com,ParkJihoon,$2a$10$7EqJtq98hPqEX7fNZaFWoOhi5Zp8oG9yZtM6xUu6YvJzN6zG6nX2K,0
user84@test.com,ChoiHyunwoo,$2a$10$7EqJtq98hPqEX7fNZaFWoOhi5Zp8oG9yZtM6xUu6YvJzN6zG6nX2K,0
user85@test.com,JungSujin,$2a$10$7EqJtq98hPqEX7fNZaFWoOhi5Zp8oG9yZtM6xUu6YvJzN6zG6nX2K,0
user86@test.com,KangDoyoon,$2a$10$7EqJtq98hPqEX7fNZaFWoOhi5Zp8oG9yZtM6xUu6YvJzN6zG6nX2K,0
user87@test.com,YoonYerin,$2a$10$7EqJtq98hPqEX7fNZaFWoOhi5Zp8oG9yZtM6xUu6YvJzN6zG6nX2K,0
user88@test.com,LimHajun,$2a$10$7EqJtq98hPqEX7fNZaFWoOhi5Zp8oG9yZtM6xUu6YvJzN6zG6nX2K,0
user89@test.com,OhJiwoo,$2a$10$7EqJtq98hPqEX7fNZaFWoOhi5Zp8oG9yZtM6xUu6YvJzN6zG6nX2K,0
user90@test.com,HanSeojun,$2a$10$7EqJtq98hPqEX7fNZaFWoOhi5Zp8oG9yZtM6xUu6YvJzN6zG6nX2K,0
user91@test.com,ShinMinjae,$2a$10$7EqJtq98hPqEX7fNZaFWoOhi5Zp8oG9yZtM6xUu6YvJzN6zG6nX2K,0
user92@test.com,ChoEunbyul,$2a$10$7EqJtq98hPqEX7fNZaFWoOhi5Zp8oG9yZtM6xUu6YvJzN6zG6nX2K,0
user93@test.com,BaeSiyoon,$2a$10$7EqJtq98hPqEX7fNZaFWoOhi5Zp8oG9yZtM6xUu6YvJzN6zG6nX2K,0
user94@test.com,RyuTaeyang,$2a$10$7EqJtq98hPqEX7fNZaFWoOhi5Zp8oG9yZtM6xUu6YvJzN6zG6nX2K,0
user95@test.com,ChaYujin,$2a$10$7EqJtq98hPqEX7fNZaFWoOhi5Zp8oG9yZtM6xUu6YvJzN6zG6nX2K,0
user96@test.com,NohDaeun,$2a$10$7EqJtq98hPqEX7fNZaFWoOhi5Zp8oG9yZtM6xUu6YvJzN6zG6nX2K,0
user97@test.com,MoonJaemin,$2a$10$7EqJtq98hPqEX7fNZaFWoOhi5Zp8oG9yZtM6xUu6YvJzN6zG6nX2K,0
user98@test.com,BaekSoyul,$2a$10$7EqJtq98hPqEX7fNZaFWoOhi5Zp8oG9yZtM6xUu6YvJzN6zG6nX2K,0
user99@test.com,SeoWoojin,$2a$10$7EqJtq98hPqEX7fNZaFWoOhi5Zp8oG9yZtM6xUu6YvJzN6zG6nX2K,0
user100@test.com,HongChaewon,$2a$10$7EqJtq98hPqEX7fNZaFWoOhi5Zp8oG9yZtM6xUu6YvJzN6zG6nX2K,0
